DATE,SERIES,OPEN,HIGH,LOW,PREV. CLOSE,LTP,CLOSE,VWAP,52W H,52W L,VOLUME,VALUE,NO. OF  TRADES
30-Mar-2026,EQ,1818.0,1824.5,1774.5,1843.9,1789.2,1782.4,1790.45,2174.5,1669.4,14240129,25496261863.8,219313
27-Mar-2026,EQ,1839.9,1856.9,1818.4,1834.9,1850.0,1843.9,1839.42,2174.5,1660.0,24490425,45048244978.5,384542
25-Mar-2026,EQ,1814.0,1849.2,1810.1,1802.1,1834.0,1834.9,1829.51,2174.5,1660.0,12473682,22820750844.0,265588
24-Mar-2026,EQ,1816.3,1826.8,1781.0,1795.9,1812.5,1802.1,1801.04,2174.5,1660.0,7535860,13572401488.5,178329
23-Mar-2026,EQ,1827.0,1830.0,1792.0,1846.1,1803.1,1795.9,1801.84,2174.5,1660.0,6874051,12385952606.4,246881
20-Mar-2026,EQ,1834.0,1860.9,1834.0,1827.0,1844.8,1846.1,1848.15,2174.5,1612.2,7691633,14215320146.3,139053
19-Mar-2026,EQ,1826.6,1861.3,1816.3,1855.4,1835.6,1827.0,1837.38,2174.5,1612.2,7145082,13128248532.0,215916
18-Mar-2026,EQ,1826.8,1869.0,1826.8,1827.0,1855.0,1855.4,1856.46,2174.5,1612.2,6428092,11933500968.2,176964
17-Mar-2026,EQ,1797.0,1834.5,1791.1,1788.8,1823.4,1827.0,1822.01,2174.5,1612.2,7181491,13084761934.3,262782
16-Mar-2026,EQ,1798.0,1804.9,1770.9,1803.4,1790.0,1788.8,1787.39,2174.5,1612.2,14261268,25490420100.7,345086
13-Mar-2026,EQ,1781.1,1816.0,1776.6,1801.3,1803.0,1803.4,1804.59,2174.5,1612.2,8970772,16188549355.8,263272
12-Mar-2026,EQ,1797.9,1817.8,1791.0,1807.0,1798.3,1801.3,1801.93,2174.5,1612.2,12922735,23285924604.3,213083
11-Mar-2026,EQ,1841.0,1847.7,1799.5,1850.4,1807.0,1807.0,1818.78,2174.5,1612.2,9548404,17366405770.8,279483
10-Mar-2026,EQ,1880.8,1881.0,1846.5,1866.7,1855.7,1850.4,1853.07,2174.5,1612.2,11741600,21758005040.0,337083
09-Mar-2026,EQ,1831.0,1872.4,1818.1,1870.8,1866.0,1866.7,1853.1,2174.5,1612.2,8073518,14961027031.0,370596
06-Mar-2026,EQ,1900.0,1902.1,1867.1,1907.0,1873.0,1870.8,1882.33,2174.5,1568.0,10896859,20511535465.7,222475
05-Mar-2026,EQ,1919.0,1929.1,1897.2,1905.9,1906.0,1907.0,1910.48,2174.5,1568.0,11398717,21777070378.9,247714
04-Mar-2026,EQ,1861.1,1920.0,1815.3,1873.2,1908.5,1905.9,1878.13,2174.5,1568.0,20565585,38624852239.0,425053
02-Mar-2026,EQ,1850.1,1895.9,1847.9,1879.3,1872.0,1873.2,1875.71,2174.5,1568.0,11785758,22106668597.4,355395
27-Feb-2026,EQ,1910.0,1915.0,1870.1,1929.6,1882.0,1879.3,1882.95,2174.5,1559.5,13754648,25899362760.7,241307
26-Feb-2026,EQ,1914.0,1935.0,1904.5,1913.4,1934.0,1929.6,1920.91,2174.5,1559.5,10795028,20736322162.8,240161
25-Feb-2026,EQ,1955.0,1961.8,1904.0,1941.0,1916.8,1913.4,1925.26,2174.5,1559.5,8285195,15951164616.7,204352
24-Feb-2026,EQ,1997.3,1997.3,1921.8,1997.3,1944.0,1941.0,1942.94,2174.5,1559.5,10006761,19442511897.4,316721
23-Feb-2026,EQ,1994.0,2000.5,1983.9,1977.4,1997.0,1997.3,1994.13,2174.5,1559.5,3728878,7435858950.0,108472
20-Feb-2026,EQ,1981.1,1993.7,1971.0,1988.6,1977.8,1977.4,1983.51,2174.5,1559.5,5180301,10275171540.9,92932
19-Feb-2026,EQ,2032.0,2032.0,1974.8,2021.8,1981.7,1988.6,1998.06,2174.5,1559.5,4712417,9415673835.3,148982
18-Feb-2026,EQ,2020.1,2028.6,2015.0,2020.3,2021.6,2021.8,2022.25,2174.5,1559.5,2182669,4413907896.3,86566
17-Feb-2026,EQ,2028.0,2038.5,2014.2,2029.4,2021.6,2020.3,2025.43,2174.5,1559.5,4471158,9056005422.0,140780
16-Feb-2026,EQ,2010.0,2032.2,1995.0,2004.7,2030.0,2029.4,2018.51,2174.5,1559.5,3455964,6975886026.7,162819
13-Feb-2026,EQ,2013.9,2024.2,1992.0,2014.5,1993.0,2004.7,2009.88,2174.5,1559.5,4808543,9664613458.1,128252
12-Feb-2026,EQ,2019.2,2027.0,2009.1,2012.1,2016.2,2014.5,2018.03,2174.5,1559.5,7437690,15009512113.0,171559
11-Feb-2026,EQ,2012.9,2021.0,1996.7,2011.3,2010.8,2012.1,2009.28,2174.5,1559.5,7423601,14916061102.7,179221
10-Feb-2026,EQ,2052.0,2057.0,2008.4,2038.2,2011.5,2011.3,2028.51,2174.5,1559.5,9077763,18414367468.2,161362
09-Feb-2026,EQ,2051.2,2055.2,2028.7,2038.4,2038.2,2038.2,2043.03,2174.5,1559.5,7570161,15466083176.8,258448
06-Feb-2026,EQ,1994.0,2049.7,1988.5,1992.4,2023.0,2038.4,2021.27,2174.5,1559.5,13870403,28035888422.2,260653
05-Feb-2026,EQ,2012.0,2022.9,1985.0,2025.8,1992.2,1992.4,2002.08,2174.5,1559.5,7708690,15433394106.9,239320
04-Feb-2026,EQ,2008.0,2034.6,1998.4,1997.3,2022.8,2025.8,2022.89,2174.5,1559.5,7464725,15100287543.8,268266
03-Feb-2026,EQ,2050.0,2050.0,1980.1,1965.4,1995.0,1997.3,1998.54,2174.5,1559.5,6915795,13821523452.4,197865
02-Feb-2026,EQ,1936.1,1969.8,1926.5,1949.0,1966.4,1965.4,1953.85,2174.5,1559.5,5326225,10406649696.1,173244
01-Feb-2026,EQ,1968.7,1976.4,1901.0,1968.7,1934.0,1949.0,1950.77,2174.5,1559.5,2926225,5708399688.4,83964
30-Jan-2026,EQ,1925.6,1974.0,1925.6,1967.9,1968.8,1968.7,1962.6,2174.5,1559.5,7683747,15080142264.7,198918
29-Jan-2026,EQ,1964.0,1970.5,1939.0,1957.7,1969.0,1967.9,1960.68,2174.5,1559.5,6065044,11891602207.3,189722
28-Jan-2026,EQ,1995.0,1995.0,1939.0,1973.4,1956.0,1957.7,1957.43,2174.5,1559.5,9426909,18452553631.7,202617
27-Jan-2026,EQ,1972.1,2003.8,1962.7,1984.7,1981.0,1973.4,1976.71,2174.5,1559.5,10510891,20776998380.3,255465
23-Jan-2026,EQ,2009.0,2011.7,1980.1,2002.2,1988.0,1984.7,1994.08,2174.5,1559.5,4340925,8656145673.8,128816
22-Jan-2026,EQ,2008.8,2018.9,1990.0,1996.1,2007.9,2002.2,2002.28,2174.5,1559.5,6722567,13460436283.7,274860
21-Jan-2026,EQ,1977.0,2007.1,1967.0,1996.0,1999.9,1996.1,1991.62,2174.5,1559.5,7952295,15837943630.5,192076
20-Jan-2026,EQ,2018.0,2018.0,1977.1,2010.0,1990.0,1996.0,2001.96,2174.5,1559.5,6076838,12165556263.8,168198
19-Jan-2026,EQ,2023.0,2023.0,1996.3,2016.4,2010.0,2010.0,2011.18,2174.5,1559.5,4272071,8591892954.1,151027
16-Jan-2026,EQ,2020.0,2029.7,1988.7,2022.5,2018.0,2016.4,2010.42,2174.5,1559.5,7310676,14697512240.7,204099
14-Jan-2026,EQ,2015.1,2034.0,2008.7,2026.9,2021.0,2022.5,2021.86,2174.5,1559.5,4842964,9791798346.3,173040
13-Jan-2026,EQ,2047.0,2049.9,2014.9,2044.0,2025.3,2026.9,2027.64,2174.5,1559.5,7388496,14981244480.7,175232
12-Jan-2026,EQ,2023.5,2048.8,2001.3,2027.1,2042.7,2044.0,2019.35,2174.5,1559.5,4689135,9469011167.4,220071
09-Jan-2026,EQ,2070.2,2084.0,2023.2,2066.3,2031.1,2027.1,2045.01,2174.5,1559.5,4165409,8518316241.7,173389
08-Jan-2026,EQ,2088.0,2092.0,2055.0,2084.2,2066.6,2066.3,2068.37,2174.5,1559.5,5534929,11448254930.2,206092
07-Jan-2026,EQ,2095.6,2103.8,2077.0,2105.3,2084.0,2084.2,2084.97,2174.5,1559.5,4171371,8697163031.2,193447
06-Jan-2026,EQ,2106.8,2121.8,2087.5,2105.0,2109.1,2105.3,2103.21,2174.5,1559.5,9119265,19179757706.1,274914
05-Jan-2026,EQ,2102.1,2112.1,2096.5,2106.3,2101.6,2105.0,2105.16,2174.5,1559.5,2642580,5563055322.7,130767
02-Jan-2026,EQ,2108.0,2125.0,2098.0,2110.4,2108.5,2106.3,2107.79,2174.5,1559.5,2927138,6169784842.0,137361
01-Jan-2026,EQ,2114.8,2123.9,2107.0,2105.6,2111.4,2110.4,2114.82,2174.5,1559.5,2097756,4436371604.4,85306
31-Dec-2025,EQ,2096.0,2121.0,2090.1,2099.8,2107.0,2105.6,2105.46,2174.5,1559.5,2991434,6298336696.3,129671
30-Dec-2025,EQ,2077.0,2102.8,2071.6,2081.6,2099.4,2099.8,2098.35,2174.5,1559.5,6983390,14653574322.6,173712
29-Dec-2025,EQ,2105.4,2112.7,2079.4,2105.4,2081.4,2081.6,2089.02,2174.5,1559.5,2371034,4953136389.4,129894
26-Dec-2025,EQ,2123.0,2123.0,2101.8,2123.7,2106.0,2105.4,2108.17,2174.5,1559.5,1297870,2736129285.2,82211
24-Dec-2025,EQ,2111.0,2137.2,2111.0,2122.9,2123.5,2123.7,2127.5,2174.5,1559.5,3145464,6691975445.4,98425
23-Dec-2025,EQ,2157.0,2164.0,2119.2,2147.6,2123.0,2122.9,2128.23,2174.5,1559.5,4110853,8748834353.8,154127
22-Dec-2025,EQ,2118.0,2151.7,2101.7,2097.7,2141.5,2147.6,2137.59,2174.5,1559.5,7670853,16397170359.7,236708
19-Dec-2025,EQ,2113.9,2115.0,2082.0,2092.0,2090.9,2097.7,2095.28,2174.5,1559.5,10127415,21219798389.7,644521
18-Dec-2025,EQ,2099.0,2116.6,2088.1,2108.0,2098.3,2092.0,2100.49,2174.5,1559.5,3760341,7898569012.9,177440
17-Dec-2025,EQ,2117.6,2128.0,2096.4,2102.0,2109.0,2108.0,2106.48,2174.5,1559.5,6412516,13507842168.0,176177
16-Dec-2025,EQ,2070.1,2106.6,2070.1,2069.7,2104.9,2102.0,2097.67,2174.5,1559.5,5756692,12075653201.7,214465
15-Dec-2025,EQ,2070.1,2078.9,2061.5,2083.4,2072.0,2069.7,2071.22,2174.5,1559.5,3233614,6697521715.6,176973
12-Dec-2025,EQ,2053.1,2087.1,2050.6,2053.2,2082.1,2083.4,2074.23,2174.5,1559.5,2706420,5613747141.9,100209
11-Dec-2025,EQ,2066.0,2069.2,2038.0,2067.0,2054.0,2053.2,2051.1,2174.5,1559.5,3254850,6676036622.2,127700
10-Dec-2025,EQ,2072.0,2096.9,2062.2,2089.7,2063.0,2067.0,2076.41,2174.5,1559.5,3987451,8279599352.9,123385
09-Dec-2025,EQ,2086.8,2100.4,2080.4,2086.2,2087.1,2089.7,2088.41,2174.5,1559.5,5139229,10732805998.5,160953
08-Dec-2025,EQ,2114.4,2114.4,2078.9,2108.8,2087.0,2086.2,2090.51,2174.5,1559.5,4327091,9045832820.7,172189
05-Dec-2025,EQ,2092.6,2111.9,2090.0,2103.8,2109.8,2108.8,2101.34,2174.5,1559.5,2938290,6174337765.0,109731
04-Dec-2025,EQ,2094.8,2108.5,2074.1,2086.0,2103.0,2103.8,2090.47,2174.5,1559.5,4611819,9640866601.1,168962
03-Dec-2025,EQ,2100.1,2109.9,2081.6,2104.0,2087.0,2086.0,2088.46,2174.5,1559.5,4357641,9100769632.8,206107
02-Dec-2025,EQ,2089.8,2114.8,2087.1,2089.7,2107.8,2104.0,2102.82,2174.5,1559.5,6591396,13860529208.8,266344
01-Dec-2025,EQ,2114.7,2119.0,2083.1,2101.6,2090.5,2089.7,2095.86,2174.5,1559.5,5058900,10602749697.7,232889
28-Nov-2025,EQ,2118.0,2129.5,2096.4,2115.6,2100.0,2101.6,2105.61,2174.5,1551.15,6263457,13188376119.0,150812
27-Nov-2025,EQ,2132.0,2136.9,2103.8,2126.8,2118.0,2115.6,2116.63,2174.5,1551.15,4444877,9408157935.7,154239
26-Nov-2025,EQ,2104.0,2134.9,2097.5,2161.6,2127.0,2126.8,2102.43,2174.5,1551.15,43174047,90770524452.1,217044
25-Nov-2025,EQ,2159.0,2170.7,2138.7,2152.1,2156.6,2161.6,2159.81,2174.5,1551.15,7102592,15340216596.7,172471
24-Nov-2025,EQ,2162.1,2165.8,2140.4,2162.7,2145.0,2152.1,2154.46,2174.5,1551.15,9686848,20869887058.2,140722
21-Nov-2025,EQ,2150.1,2174.5,2148.6,2158.3,2165.0,2162.7,2162.63,2174.5,1511.0,6720938,14534905632.6,141397
20-Nov-2025,EQ,2153.1,2169.3,2149.9,2159.8,2160.0,2158.3,2158.31,2169.3,1511.0,7452899,16085671565.6,151163
19-Nov-2025,EQ,2155.0,2166.2,2146.7,2149.2,2160.0,2159.8,2152.67,2166.2,1511.0,7419461,15971622748.6,151296
18-Nov-2025,EQ,2122.0,2159.0,2110.3,2112.2,2146.1,2149.2,2144.35,2159.0,1511.0,10972556,23528990860.4,213187
17-Nov-2025,EQ,2112.0,2122.0,2100.9,2100.7,2111.3,2112.2,2113.15,2135.6,1511.0,5998770,12676321842.4,138351
14-Nov-2025,EQ,2090.0,2107.9,2081.9,2091.8,2096.8,2100.7,2090.07,2135.6,1511.0,6312655,13193910899.9,209996
13-Nov-2025,EQ,2099.9,2107.0,2079.0,2073.8,2093.0,2091.8,2093.54,2135.6,1511.0,5958875,12475113933.4,167057
12-Nov-2025,EQ,2060.0,2079.8,2054.9,2042.3,2077.9,2073.8,2070.4,2135.6,1511.0,8210277,16998543806.7,196315
11-Nov-2025,EQ,2020.1,2056.9,2017.4,2019.8,2044.5,2042.3,2043.06,2135.6,1511.0,14825625,30289652182.7,314436
10-Nov-2025,EQ,1995.0,2028.8,1992.2,2001.2,2020.5,2019.8,2017.05,2135.6,1511.0,7457061,15041281563.9,158704
07-Nov-2025,EQ,2048.0,2048.0,1995.6,2094.9,2001.5,2001.2,2025.7,2135.6,1511.0,70392750,142594915349.9,260133
06-Nov-2025,EQ,2115.0,2123.3,2080.5,2113.3,2095.0,2094.9,2103.02,2135.6,1511.0,9546299,20076041845.4,327497
04-Nov-2025,EQ,2107.0,2135.6,2103.5,2074.0,2110.0,2113.3,2118.36,2135.6,1511.0,12263078,25977570895.9,316732
03-Nov-2025,EQ,2055.0,2081.0,2047.2,2054.5,2077.0,2074.0,2063.74,2110.4,1511.0,2979629,6149184487.3,137662
31-Oct-2025,EQ,2056.0,2073.8,2051.7,2066.3,2061.3,2054.5,2059.64,2110.4,1511.0,4659723,9597365272.3,168898
30-Oct-2025,EQ,2070.0,2088.0,2058.6,2100.6,2069.0,2066.3,2066.87,2110.4,1511.0,4222189,8726723356.2,228047
29-Oct-2025,EQ,2083.0,2110.4,2081.6,2090.2,2100.0,2100.6,2098.48,2110.4,1511.0,2742750,5755608868.0,137123
28-Oct-2025,EQ,2092.0,2102.6,2071.7,2080.1,2088.0,2090.2,2089.72,2102.6,1511.0,9891522,20670514955.2,262444
27-Oct-2025,EQ,2030.0,2094.0,2030.0,2029.3,2083.0,2080.1,2078.53,2094.0,1511.0,5796831,12048905188.6,187130
24-Oct-2025,EQ,2008.0,2033.0,2006.9,2007.9,2028.0,2029.3,2024.56,2067.0,1511.0,3236799,6553106604.6,166105
23-Oct-2025,EQ,2063.9,2067.0,2003.6,2043.5,2009.9,2007.9,2023.86,2067.0,1511.0,8790128,17789960867.9,296341
21-Oct-2025,EQ,2051.8,2058.5,2038.5,2051.5,2041.6,2043.5,2045.3,2058.5,1511.0,240850,492610681.5,21615
20-Oct-2025,EQ,2026.0,2057.0,2019.7,2012.0,2050.0,2051.5,2042.87,2057.0,1511.0,7387180,15091064288.2,225566
17-Oct-2025,EQ,1973.6,2034.3,1970.3,1967.4,2012.9,2012.0,2013.74,2045.8,1511.0,6743801,13580290074.7,202098
16-Oct-2025,EQ,1962.3,1986.9,1962.0,1968.5,1970.2,1967.4,1973.83,2045.8,1511.0,3700674,7304500778.7,246779
15-Oct-2025,EQ,1957.2,1976.0,1951.6,1946.6,1967.0,1968.5,1965.08,2045.8,1511.0,3447352,6774313245.8,132066
14-Oct-2025,EQ,1964.0,1964.0,1939.2,1954.9,1948.2,1946.6,1948.36,2045.8,1511.0,4454239,8678447974.6,115211
13-Oct-2025,EQ,1937.9,1965.9,1936.0,1939.9,1955.0,1954.9,1955.22,2045.8,1511.0,3672419,7180372108.1,134124
10-Oct-2025,EQ,1937.0,1947.6,1935.4,1942.0,1940.0,1939.9,1940.42,2045.8,1511.0,2512581,4875455292.6,100319
09-Oct-2025,EQ,1945.0,1948.8,1931.3,1943.5,1941.0,1942.0,1940.57,2045.8,1511.0,3945737,7656969690.2,123955
08-Oct-2025,EQ,1929.0,1962.6,1927.6,1929.0,1939.0,1943.5,1945.68,2045.8,1511.0,4957406,9645507545.2,189526
07-Oct-2025,EQ,1900.0,1946.0,1900.0,1903.1,1928.8,1929.0,1928.23,2045.8,1511.0,5713060,11016084010.0,176001
06-Oct-2025,EQ,1892.6,1907.0,1887.5,1896.7,1901.9,1903.1,1898.12,2045.8,1511.0,2809218,5332230593.9,125866
03-Oct-2025,EQ,1851.2,1900.3,1848.1,1867.6,1896.9,1896.7,1880.95,2045.8,1511.0,5828332,10962776533.0,177774
01-Oct-2025,EQ,1868.0,1877.0,1855.9,1878.4,1869.5,1867.6,1866.91,2045.8,1511.0,5675393,10595421987.8,158923
30-Sep-2025,EQ,1896.0,1907.6,1875.2,1902.2,1883.0,1878.4,1886.43,2045.8,1511.0,5945625,11216008469.8,191554
29-Sep-2025,EQ,1928.0,1928.0,1897.5,1916.6,1906.5,1902.2,1908.52,2045.8,1511.0,5072608,9681198593.5,152642
26-Sep-2025,EQ,1931.1,1944.7,1911.9,1935.6,1915.4,1916.6,1922.81,2045.8,1511.0,3239306,6228584260.7,139233
25-Sep-2025,EQ,1930.0,1950.0,1928.8,1931.1,1935.0,1935.6,1940.12,2045.8,1511.0,7133365,13839559461.2,157177
24-Sep-2025,EQ,1926.0,1937.3,1918.8,1938.7,1936.0,1931.1,1927.43,2045.8,1511.0,5237977,10095835192.1,117702
23-Sep-2025,EQ,1950.0,1955.0,1930.1,1956.2,1939.5,1938.7,1941.04,2045.8,1511.0,4348633,8440872959.4,112057
22-Sep-2025,EQ,1954.0,1966.0,1944.0,1962.4,1956.0,1956.2,1956.29,2045.8,1511.0,4469137,8742910725.5,112539
19-Sep-2025,EQ,1930.2,1976.8,1927.8,1941.1,1959.9,1962.4,1954.25,2045.8,1511.0,11287603,22058814337.5,152101
18-Sep-2025,EQ,1944.5,1949.8,1920.5,1941.3,1938.1,1941.1,1937.97,2045.8,1511.0,5080814,9846443250.2,194124
17-Sep-2025,EQ,1938.1,1950.1,1932.6,1939.5,1940.5,1941.3,1943.07,2045.8,1511.0,4234637,8228211139.5,137019
16-Sep-2025,EQ,1903.3,1942.0,1902.5,1904.5,1942.0,1939.5,1929.77,2045.8,1511.0,5427586,10473975256.4,121211
15-Sep-2025,EQ,1904.0,1913.0,1898.4,1902.6,1907.4,1904.5,1904.17,2045.8,1511.0,3553258,6766007905.0,132537
12-Sep-2025,EQ,1925.0,1925.0,1901.6,1913.0,1903.7,1902.6,1911.24,2045.8,1511.0,3192824,6102258824.1,93480
11-Sep-2025,EQ,1884.0,1916.0,1882.1,1891.4,1914.2,1913.0,1903.7,2045.8,1511.0,4718266,8982164743.1,146936
10-Sep-2025,EQ,1904.0,1905.0,1883.0,1893.7,1893.9,1891.4,1892.22,2045.8,1511.0,3566139,6747922521.4,132980
09-Sep-2025,EQ,1892.0,1904.0,1883.0,1887.7,1893.0,1893.7,1893.29,2045.8,1511.0,4517793,8553498311.2,135596
08-Sep-2025,EQ,1898.0,1899.0,1884.1,1895.3,1886.0,1887.7,1890.94,2045.8,1511.0,2547552,4817259823.5,97251
05-Sep-2025,EQ,1887.0,1910.7,1875.7,1880.4,1894.0,1895.3,1893.4,2045.8,1511.0,2620140,4960971727.3,87681
04-Sep-2025,EQ,1899.0,1903.5,1876.6,1883.9,1879.8,1880.4,1883.68,2045.8,1511.0,5205333,9805202617.5,142962
03-Sep-2025,EQ,1891.0,1892.1,1870.0,1887.2,1882.8,1883.9,1880.41,2045.8,1511.0,3803044,7151267254.5,179727
02-Sep-2025,EQ,1904.5,1917.5,1878.0,1900.6,1888.7,1887.2,1894.19,2045.8,1511.0,4423049,8378097503.2,168727
01-Sep-2025,EQ,1889.0,1904.8,1884.2,1888.8,1900.5,1900.6,1896.74,2045.8,1511.0,3421488,6489678664.8,174084
29-Aug-2025,EQ,1872.5,1900.1,1872.5,1881.1,1888.2,1888.8,1887.35,2045.8,1502.0,4339042,8189312163.6,137051
28-Aug-2025,EQ,1893.0,1899.8,1878.2,1904.7,1888.0,1881.1,1887.96,2045.8,1502.0,5494113,10372670054.7,192234
26-Aug-2025,EQ,1922.1,1925.8,1896.2,1930.7,1903.7,1904.7,1907.89,2045.8,1502.0,5984656,11418074402.1,171371
25-Aug-2025,EQ,1940.0,1940.1,1913.2,1933.3,1928.9,1930.7,1927.45,2045.8,1502.0,2451388,4724917353.1,88027
22-Aug-2025,EQ,1934.0,1947.7,1917.4,1929.9,1933.0,1933.3,1931.22,2045.8,1446.5,3271920,6318796024.8,112848
21-Aug-2025,EQ,1930.0,1940.9,1927.7,1928.4,1930.1,1929.9,1932.63,2045.8,1446.5,3376913,6526315351.1,122995
20-Aug-2025,EQ,1937.0,1952.0,1926.0,1909.7,1930.0,1928.4,1935.01,2045.8,1446.5,6962619,13472715684.8,158774
19-Aug-2025,EQ,1901.1,1931.8,1900.0,1892.3,1912.9,1909.7,1916.53,2045.8,1446.5,5706265,10936227739.1,206298
18-Aug-2025,EQ,1892.5,1912.6,1870.3,1873.8,1892.9,1892.3,1896.44,2045.8,1446.5,7146376,13552663053.7,168732
14-Aug-2025,EQ,1873.0,1883.0,1866.8,1867.4,1871.0,1873.8,1875.27,2045.8,1445.0,3958631,7423516081.0,94415
13-Aug-2025,EQ,1853.0,1872.5,1851.8,1850.3,1870.9,1867.4,1864.4,2045.8,1445.0,6697206,12486297813.4,156856
12-Aug-2025,EQ,1857.4,1865.0,1847.1,1857.4,1850.2,1850.3,1853.8,2045.8,1445.0,4645011,8610901523.1,128549
11-Aug-2025,EQ,1863.0,1866.0,1845.7,1858.6,1855.3,1857.4,1857.65,2045.8,1445.0,5266532,9783347103.0,182542
08-Aug-2025,EQ,1886.3,1893.8,1856.0,1922.6,1859.5,1858.6,1871.02,2045.8,1422.6,93801105,175503711662.1,247592
07-Aug-2025,EQ,1928.1,1933.3,1909.1,1929.7,1920.1,1922.6,1919.15,2045.8,1422.6,4268534,8191939056.3,117390
06-Aug-2025,EQ,1930.0,1964.8,1921.6,1931.8,1924.0,1929.7,1939.14,2045.8,1422.6,5461349,10590335524.2,198853
05-Aug-2025,EQ,1920.0,1937.6,1912.1,1914.6,1930.3,1931.8,1928.92,2045.8,1422.6,5167672,9968010970.7,142478
04-Aug-2025,EQ,1892.0,1919.9,1878.5,1884.4,1915.1,1914.6,1909.5,2045.8,1422.6,3074380,5870535946.2,103085
01-Aug-2025,EQ,1914.0,1919.7,1878.0,1914.3,1878.1,1884.4,1896.46,2045.8,1422.6,5192594,9847524466.9,112503
31-Jul-2025,EQ,1913.0,1926.5,1895.6,1932.6,1912.0,1914.3,1914.01,2045.8,1422.6,4674966,8947909333.1,139087
30-Jul-2025,EQ,1934.0,1939.2,1922.1,1918.3,1930.1,1932.6,1931.15,2045.8,1422.6,5044683,9742040986.3,124036
29-Jul-2025,EQ,1880.0,1923.6,1880.0,1890.3,1913.7,1918.3,1914.14,2045.8,1422.6,3748040,7174267314.5,130565
28-Jul-2025,EQ,1930.0,1930.0,1885.0,1937.9,1889.9,1890.3,1899.08,2045.8,1422.6,3575044,6789304593.1,183996
25-Jul-2025,EQ,1936.1,1952.7,1925.0,1936.1,1928.0,1937.9,1938.43,2045.8,1422.6,3896884,7553854412.8,150394
24-Jul-2025,EQ,1943.8,1970.4,1933.7,1943.8,1937.2,1936.1,1949.7,2045.8,1422.6,4150685,8092572461.0,121583
23-Jul-2025,EQ,1920.0,1949.0,1907.3,1906.8,1948.7,1943.8,1931.92,2045.8,1422.6,5194282,10034958569.7,181713
22-Jul-2025,EQ,1909.2,1911.3,1883.0,1909.2,1906.5,1906.8,1900.14,2045.8,1422.6,4513541,8576375988.7,187488
21-Jul-2025,EQ,1894.8,1919.9,1892.6,1901.0,1907.3,1909.2,1907.42,2045.8,1422.6,5109654,9746237253.0,106175
18-Jul-2025,EQ,1915.1,1916.0,1891.8,1929.9,1902.0,1901.0,1900.4,2045.8,1422.6,4643961,8825370372.3,153436
17-Jul-2025,EQ,1943.7,1944.9,1927.6,1936.6,1929.3,1929.9,1934.04,2045.8,1422.6,6256455,12100262832.1,117865
16-Jul-2025,EQ,1944.0,1944.0,1928.8,1934.2,1932.1,1936.6,1937.89,2045.8,1422.6,4211258,8160962898.0,155828
15-Jul-2025,EQ,1924.8,1943.0,1923.2,1920.9,1934.9,1934.2,1933.42,2045.8,1422.6,4163140,8049106906.9,173130
14-Jul-2025,EQ,1915.0,1927.5,1900.2,1921.9,1923.1,1920.9,1912.33,2045.8,1422.6,5269381,10076781994.0,117745
11-Jul-2025,EQ,1942.0,1959.1,1914.2,1964.5,1925.7,1921.9,1924.82,2045.8,1421.45,13103980,25222831889.3,203449
10-Jul-2025,EQ,2028.6,2028.6,1962.3,2019.7,1964.0,1964.5,1981.26,2045.8,1421.45,5695845,11284970384.5,137893
09-Jul-2025,EQ,2035.0,2040.7,1998.5,2030.0,2019.2,2019.7,2026.57,2045.8,1421.45,2937734,5953511845.9,106327
08-Jul-2025,EQ,2026.0,2035.0,2014.8,2033.9,2033.0,2030.0,2025.34,2045.8,1421.45,3624619,7341077387.4,108175
07-Jul-2025,EQ,2018.0,2036.0,2010.6,2017.2,2029.5,2033.9,2023.94,2045.8,1421.45,4165432,8430571808.8,129355
04-Jul-2025,EQ,2027.0,2036.5,2005.1,2019.3,2018.3,2017.2,2014.08,2045.8,1408.45,2178315,4387298875.4,101143
03-Jul-2025,EQ,2041.8,2044.9,2012.9,2033.3,2019.0,2019.3,2030.02,2045.8,1408.45,5558647,11284185157.6,154712
02-Jul-2025,EQ,2037.0,2045.8,2018.3,2019.4,2030.0,2033.3,2033.47,2045.8,1408.45,6513288,13244594437.2,196748
01-Jul-2025,EQ,2009.0,2030.8,2006.9,2009.6,2015.3,2019.4,2018.42,2039.0,1408.45,3769165,7607773613.0,134125
30-Jun-2025,EQ,2018.0,2023.9,2000.2,2027.1,2008.7,2009.6,2009.31,2039.0,1408.45,5597484,11247098467.7,152889
27-Jun-2025,EQ,2010.0,2039.0,2008.6,2014.3,2020.0,2027.1,2024.22,2039.0,1389.35,6405854,12966837500.6,148359
26-Jun-2025,EQ,1970.0,2018.4,1966.3,1965.6,2015.6,2014.3,2000.12,2018.4,1389.35,9413241,18827572697.1,191193
25-Jun-2025,EQ,1942.0,1970.0,1938.0,1933.6,1963.8,1965.6,1959.42,1970.0,1389.35,4152765,8137023309.4,145203
24-Jun-2025,EQ,1950.9,1963.0,1929.1,1936.3,1942.0,1933.6,1941.29,1963.0,1389.35,6837210,13272989083.7,180737
23-Jun-2025,EQ,1930.0,1949.0,1927.1,1936.7,1935.0,1936.3,1937.95,1949.0,1389.35,2946463,5710099351.1,122423
20-Jun-2025,EQ,1880.0,1949.0,1874.0,1877.0,1934.0,1936.7,1927.9,1949.0,1372.85,16228526,31286969336.3,258340
19-Jun-2025,EQ,1872.0,1879.0,1864.1,1865.9,1874.0,1877.0,1874.79,1917.0,1372.85,4712312,8834585788.1,119233
18-Jun-2025,EQ,1847.6,1871.0,1843.1,1854.8,1861.8,1865.9,1864.4,1917.0,1372.85,5069427,9451432452.5,123077
17-Jun-2025,EQ,1879.0,1879.0,1847.6,1861.3,1856.8,1854.8,1854.73,1917.0,1372.85,6561555,12169888553.1,161741
16-Jun-2025,EQ,1842.1,1870.0,1838.8,1840.4,1858.2,1861.3,1860.67,1917.0,1372.85,5722187,10647100022.6,136896
13-Jun-2025,EQ,1815.0,1844.6,1815.0,1844.2,1840.1,1840.4,1837.79,1917.0,1372.85,4613000,8477734828.5,178295
12-Jun-2025,EQ,1871.9,1883.0,1831.6,1860.2,1844.0,1844.2,1851.8,1917.0,1372.85,7346031,13603343695.4,178651
11-Jun-2025,EQ,1857.9,1866.5,1847.8,1857.1,1857.5,1860.2,1857.61,1917.0,1372.85,8907265,16546192522.9,160998
10-Jun-2025,EQ,1866.6,1875.6,1850.3,1865.1,1855.9,1857.1,1859.98,1917.0,1372.85,7925901,14742016739.2,167981
09-Jun-2025,EQ,1874.0,1875.0,1848.7,1870.2,1865.0,1865.1,1862.61,1917.0,1372.85,3649505,6797612329.0,131990
06-Jun-2025,EQ,1872.1,1881.9,1867.3,1878.8,1870.1,1870.2,1874.58,1917.0,1219.05,4644174,8705867475.2,165644
05-Jun-2025,EQ,1884.0,1889.0,1868.6,1875.4,1878.0,1878.8,1874.29,1917.0,1219.05,8999675,16867977555.4,157560
04-Jun-2025,EQ,1855.0,1884.6,1850.0,1841.3,1873.0,1875.4,1873.4,1917.0,1219.05,5892170,11038406458.9,200975
03-Jun-2025,EQ,1867.0,1869.5,1832.0,1854.1,1841.6,1841.3,1844.12,1917.0,1219.05,5596977,10321475298.6,194113
02-Jun-2025,EQ,1844.0,1859.0,1831.5,1856.2,1850.0,1854.1,1848.95,1917.0,1219.05,3199499,5915706164.5,119382
30-May-2025,EQ,1854.0,1867.0,1843.0,1863.6,1859.7,1856.2,1856.33,1917.0,1219.05,16712960,31024799188.6,163931
29-May-2025,EQ,1858.0,1867.0,1850.5,1856.1,1865.0,1863.6,1861.2,1917.0,1219.05,5786774,10770332949.6,218220
28-May-2025,EQ,1848.0,1867.0,1845.1,1843.8,1855.5,1856.1,1857.45,1917.0,1219.05,3713699,6898020834.2,118955
27-May-2025,EQ,1844.0,1857.6,1833.7,1847.4,1847.3,1843.8,1843.98,1917.0,1219.05,5847725,10783099301.4,181830
26-May-2025,EQ,1834.0,1850.0,1830.9,1831.7,1846.5,1847.4,1845.67,1917.0,1219.05,3254715,6007142210.4,154230
23-May-2025,EQ,1825.0,1841.8,1821.5,1831.4,1831.0,1831.7,1835.52,1917.0,1219.05,3460945,6352622258.7,149774
22-May-2025,EQ,1819.9,1836.7,1816.3,1822.5,1831.0,1831.4,1829.94,1917.0,1219.05,6496923,11888988220.5,206038
21-May-2025,EQ,1813.0,1826.5,1805.3,1808.9,1822.0,1822.5,1819.2,1917.0,1219.05,6849562,12460710453.5,299080
20-May-2025,EQ,1809.8,1824.9,1799.5,1818.3,1809.7,1808.9,1809.85,1917.0,1219.05,12512596,22645951310.9,281116
19-May-2025,EQ,1822.0,1828.7,1809.0,1814.0,1816.5,1818.3,1818.41,1917.0,1219.05,5799804,10546436610.0,223582
16-May-2025,EQ,1834.0,1834.0,1810.1,1867.2,1814.4,1814.0,1815.18,1917.0,1219.05,100662047,182719665612.8,286997
15-May-2025,EQ,1849.9,1869.9,1825.0,1834.2,1863.1,1867.2,1849.52,1917.0,1219.05,8788351,16254270538.1,195431
14-May-2025,EQ,1830.0,1870.7,1820.2,1820.6,1837.9,1834.2,1843.39,1917.0,1219.05,7401614,13644025354.7,226624
13-May-2025,EQ,1870.0,1883.7,1816.6,1870.8,1824.5,1820.6,1834.02,1917.0,1219.05,8817763,16171933283.3,282085
12-May-2025,EQ,1868.9,1883.4,1854.0,1848.4,1873.0,1870.8,1869.65,1917.0,1219.05,3936019,7358980437.0,134363
09-May-2025,EQ,1855.0,1871.1,1836.5,1874.9,1850.0,1848.4,1848.9,1917.0,1219.05,3686209,6815420471.7,142316
08-May-2025,EQ,1897.0,1905.8,1862.4,1896.8,1864.5,1874.9,1880.32,1917.0,1219.05,5500724,10343102911.1,188110
07-May-2025,EQ,1901.0,1917.0,1885.5,1901.0,1892.7,1896.8,1899.09,1917.0,1219.05,5554616,10548724277.0,184822
06-May-2025,EQ,1888.3,1912.0,1882.6,1866.0,1896.0,1901.0,1899.53,1912.0,1219.05,8597920,16331996371.7,200749
05-May-2025,EQ,1868.0,1873.5,1849.2,1851.9,1866.0,1866.0,1864.43,1904.3,1219.05,3548839,6616547877.0,103413
02-May-2025,EQ,1852.0,1883.6,1832.1,1864.5,1849.0,1851.9,1854.96,1904.3,1219.05,5528529,10255209665.9,181226
30-Apr-2025,EQ,1837.0,1876.9,1827.0,1823.8,1854.8,1864.5,1854.65,1904.3,1219.05,9139821,16951167803.7,152336
29-Apr-2025,EQ,1823.7,1847.8,1817.6,1821.8,1827.2,1823.8,1829.51,1904.3,1219.05,4684155,8569695123.7,153385
28-Apr-2025,EQ,1836.0,1838.9,1813.4,1817.2,1820.3,1821.8,1822.3,1904.3,1219.05,3301891,6017036292.3,100779
25-Apr-2025,EQ,1846.7,1861.7,1806.0,1845.6,1815.0,1817.2,1822.78,1904.3,1219.05,4570083,8330254030.3,123799
24-Apr-2025,EQ,1874.5,1877.8,1839.5,1881.6,1846.1,1845.6,1849.47,1904.3,1219.05,5180688,9581534808.1,136668
23-Apr-2025,EQ,1867.0,1885.9,1836.1,1852.2,1869.9,1881.6,1861.63,1904.3,1219.05,6855027,12761537178.8,149770
22-Apr-2025,EQ,1888.0,1888.0,1836.8,1883.4,1848.2,1852.2,1856.49,1904.3,1219.05,6155127,11426950907.9,196921
21-Apr-2025,EQ,1898.4,1904.3,1868.6,1889.1,1884.0,1883.4,1881.04,1904.3,1219.05,3501123,6585758282.3,154074
17-Apr-2025,EQ,1834.0,1897.7,1825.7,1822.6,1882.9,1889.1,1866.68,1897.7,1210.35,10894325,20336174780.8,285724
16-Apr-2025,EQ,1802.4,1826.5,1794.1,1798.8,1821.0,1822.6,1810.55,1826.5,1210.35,6180958,11190947200.5,169343
15-Apr-2025,EQ,1808.2,1820.0,1781.1,1756.6,1798.0,1798.8,1799.9,1820.0,1210.35,10313411,18563102108.7,225430
11-Apr-2025,EQ,1760.0,1767.0,1732.35,1715.55,1760.6,1756.6,1756.34,1779.0,1183.1,8340002,14647837496.05,240119
09-Apr-2025,EQ,1719.65,1726.85,1711.6,1720.4,1715.1,1715.55,1717.91,1779.0,1183.1,5600666,9621435360.4,166612
08-Apr-2025,EQ,1720.7,1742.3,1706.8,1686.65,1721.35,1720.4,1723.59,1779.0,1183.1,7206935,12421775636.65,251891
07-Apr-2025,EQ,1730.0,1774.75,1669.4,1743.45,1693.0,1686.65,1708.22,1779.0,1183.1,14870388,25401930206.3,403223
04-Apr-2025,EQ,1754.5,1770.8,1740.0,1746.0,1740.5,1743.45,1753.12,1779.0,1183.1,7817334,13704722222.15,258867
03-Apr-2025,EQ,1748.0,1754.95,1735.45,1754.6,1742.5,1746.0,1746.33,1779.0,1183.1,2341989,4089893735.2,91775
02-Apr-2025,EQ,1720.0,1760.4,1716.95,1724.15,1751.15,1754.6,1747.29,1779.0,1183.1,6431226,11237222453.5,137465
01-Apr-2025,EQ,1715.0,1765.0,1708.45,1733.4,1723.6,1724.15,1732.43,1779.0,1183.1,6773056,11733878299.8,171800
