DATE,SERIES,OPEN,HIGH,LOW,PREV. CLOSE,LTP,CLOSE,VWAP,52W H,52W L,VOLUME,VALUE,NO. OF  TRADES
30-Mar-26,EQ,"1,818.00","1,824.50","1,774.50","1,843.90","1,789.20","1,782.40","1,790.45","2,174.50","1,669.40",14240129,"25,49,62,61,863.80",219313
27-Mar-26,EQ,"1,839.90","1,856.90","1,818.40","1,834.90","1,850.00","1,843.90","1,839.42","2,174.50","1,660.00",24490425,"45,04,82,44,978.50",384542
25-Mar-26,EQ,"1,814.00","1,849.20","1,810.10","1,802.10","1,834.00","1,834.90","1,829.51","2,174.50","1,660.00",12473682,"22,82,07,50,844.00",265588
24-Mar-26,EQ,"1,816.30","1,826.80","1,781.00","1,795.90","1,812.50","1,802.10","1,801.04","2,174.50","1,660.00",7535860,"13,57,24,01,488.50",178329
23-Mar-26,EQ,"1,827.00","1,830.00","1,792.00","1,846.10","1,803.10","1,795.90","1,801.84","2,174.50","1,660.00",6874051,"12,38,59,52,606.40",246881
20-Mar-26,EQ,"1,834.00","1,860.90","1,834.00","1,827.00","1,844.80","1,846.10","1,848.15","2,174.50","1,612.20",7691633,"14,21,53,20,146.30",139053
19-Mar-26,EQ,"1,826.60","1,861.30","1,816.30","1,855.40","1,835.60","1,827.00","1,837.38","2,174.50","1,612.20",7145082,"13,12,82,48,532.00",215916
18-Mar-26,EQ,"1,826.80","1,869.00","1,826.80","1,827.00","1,855.00","1,855.40","1,856.46","2,174.50","1,612.20",6428092,"11,93,35,00,968.20",176964
17-Mar-26,EQ,"1,797.00","1,834.50","1,791.10","1,788.80","1,823.40","1,827.00","1,822.01","2,174.50","1,612.20",7181491,"13,08,47,61,934.30",262782
16-Mar-26,EQ,"1,798.00","1,804.90","1,770.90","1,803.40","1,790.00","1,788.80","1,787.39","2,174.50","1,612.20",14261268,"25,49,04,20,100.70",345086
13-Mar-26,EQ,"1,781.10","1,816.00","1,776.60","1,801.30","1,803.00","1,803.40","1,804.59","2,174.50","1,612.20",8970772,"16,18,85,49,355.80",263272
12-Mar-26,EQ,"1,797.90","1,817.80","1,791.00","1,807.00","1,798.30","1,801.30","1,801.93","2,174.50","1,612.20",12922735,"23,28,59,24,604.30",213083
11-Mar-26,EQ,"1,841.00","1,847.70","1,799.50","1,850.40","1,807.00","1,807.00","1,818.78","2,174.50","1,612.20",9548404,"17,36,64,05,770.80",279483
10-Mar-26,EQ,"1,880.80","1,881.00","1,846.50","1,866.70","1,855.70","1,850.40","1,853.07","2,174.50","1,612.20",11741600,"21,75,80,05,040.00",337083
09-Mar-26,EQ,"1,831.00","1,872.40","1,818.10","1,870.80","1,866.00","1,866.70","1,853.10","2,174.50","1,612.20",8073518,"14,96,10,27,031.00",370596
06-Mar-26,EQ,"1,900.00","1,902.10","1,867.10","1,907.00","1,873.00","1,870.80","1,882.33","2,174.50","1,568.00",10896859,"20,51,15,35,465.70",222475
05-Mar-26,EQ,"1,919.00","1,929.10","1,897.20","1,905.90","1,906.00","1,907.00","1,910.48","2,174.50","1,568.00",11398717,"21,77,70,70,378.90",247714
04-Mar-26,EQ,"1,861.10","1,920.00","1,815.30","1,873.20","1,908.50","1,905.90","1,878.13","2,174.50","1,568.00",20565585,"38,62,48,52,239.00",425053
02-Mar-26,EQ,"1,850.10","1,895.90","1,847.90","1,879.30","1,872.00","1,873.20","1,875.71","2,174.50","1,568.00",11785758,"22,10,66,68,597.40",355395
27-Feb-26,EQ,"1,910.00","1,915.00","1,870.10","1,929.60","1,882.00","1,879.30","1,882.95","2,174.50","1,559.50",13754648,"25,89,93,62,760.70",241307
26-Feb-26,EQ,"1,914.00","1,935.00","1,904.50","1,913.40","1,934.00","1,929.60","1,920.91","2,174.50","1,559.50",10795028,"20,73,63,22,162.80",240161
25-Feb-26,EQ,"1,955.00","1,961.80","1,904.00","1,941.00","1,916.80","1,913.40","1,925.26","2,174.50","1,559.50",8285195,"15,95,11,64,616.70",204352
24-Feb-26,EQ,"1,997.30","1,997.30","1,921.80","1,997.30","1,944.00","1,941.00","1,942.94","2,174.50","1,559.50",10006761,"19,44,25,11,897.40",316721
23-Feb-26,EQ,"1,994.00","2,000.50","1,983.90","1,977.40","1,997.00","1,997.30","1,994.13","2,174.50","1,559.50",3728878,"7,43,58,58,950.00",108472
20-Feb-26,EQ,"1,981.10","1,993.70","1,971.00","1,988.60","1,977.80","1,977.40","1,983.51","2,174.50","1,559.50",5180301,"10,27,51,71,540.90",92932
19-Feb-26,EQ,"2,032.00","2,032.00","1,974.80","2,021.80","1,981.70","1,988.60","1,998.06","2,174.50","1,559.50",4712417,"9,41,56,73,835.30",148982
18-Feb-26,EQ,"2,020.10","2,028.60","2,015.00","2,020.30","2,021.60","2,021.80","2,022.25","2,174.50","1,559.50",2182669,"4,41,39,07,896.30",86566
17-Feb-26,EQ,"2,028.00","2,038.50","2,014.20","2,029.40","2,021.60","2,020.30","2,025.43","2,174.50","1,559.50",4471158,"9,05,60,05,422.00",140780
16-Feb-26,EQ,"2,010.00","2,032.20","1,995.00","2,004.70","2,030.00","2,029.40","2,018.51","2,174.50","1,559.50",3455964,"6,97,58,86,026.70",162819
13-Feb-26,EQ,"2,013.90","2,024.20","1,992.00","2,014.50","1,993.00","2,004.70","2,009.88","2,174.50","1,559.50",4808543,"9,66,46,13,458.10",128252
12-Feb-26,EQ,"2,019.20","2,027.00","2,009.10","2,012.10","2,016.20","2,014.50","2,018.03","2,174.50","1,559.50",7437690,"15,00,95,12,113.00",171559
11-Feb-26,EQ,"2,012.90","2,021.00","1,996.70","2,011.30","2,010.80","2,012.10","2,009.28","2,174.50","1,559.50",7423601,"14,91,60,61,102.70",179221
10-Feb-26,EQ,"2,052.00","2,057.00","2,008.40","2,038.20","2,011.50","2,011.30","2,028.51","2,174.50","1,559.50",9077763,"18,41,43,67,468.20",161362
09-Feb-26,EQ,"2,051.20","2,055.20","2,028.70","2,038.40","2,038.20","2,038.20","2,043.03","2,174.50","1,559.50",7570161,"15,46,60,83,176.80",258448
06-Feb-26,EQ,"1,994.00","2,049.70","1,988.50","1,992.40","2,023.00","2,038.40","2,021.27","2,174.50","1,559.50",13870403,"28,03,58,88,422.20",260653
05-Feb-26,EQ,"2,012.00","2,022.90","1,985.00","2,025.80","1,992.20","1,992.40","2,002.08","2,174.50","1,559.50",7708690,"15,43,33,94,106.90",239320
04-Feb-26,EQ,"2,008.00","2,034.60","1,998.40","1,997.30","2,022.80","2,025.80","2,022.89","2,174.50","1,559.50",7464725,"15,10,02,87,543.80",268266
03-Feb-26,EQ,"2,050.00","2,050.00","1,980.10","1,965.40","1,995.00","1,997.30","1,998.54","2,174.50","1,559.50",6915795,"13,82,15,23,452.40",197865
02-Feb-26,EQ,"1,936.10","1,969.80","1,926.50","1,949.00","1,966.40","1,965.40","1,953.85","2,174.50","1,559.50",5326225,"10,40,66,49,696.10",173244
01-Feb-26,EQ,"1,968.70","1,976.40","1,901.00","1,968.70","1,934.00","1,949.00","1,950.77","2,174.50","1,559.50",2926225,"5,70,83,99,688.40",83964
30-Jan-26,EQ,"1,925.60","1,974.00","1,925.60","1,967.90","1,968.80","1,968.70","1,962.60","2,174.50","1,559.50",7683747,"15,08,01,42,264.70",198918
29-Jan-26,EQ,"1,964.00","1,970.50","1,939.00","1,957.70","1,969.00","1,967.90","1,960.68","2,174.50","1,559.50",6065044,"11,89,16,02,207.30",189722
28-Jan-26,EQ,"1,995.00","1,995.00","1,939.00","1,973.40","1,956.00","1,957.70","1,957.43","2,174.50","1,559.50",9426909,"18,45,25,53,631.70",202617
27-Jan-26,EQ,"1,972.10","2,003.80","1,962.70","1,984.70","1,981.00","1,973.40","1,976.71","2,174.50","1,559.50",10510891,"20,77,69,98,380.30",255465
23-Jan-26,EQ,"2,009.00","2,011.70","1,980.10","2,002.20","1,988.00","1,984.70","1,994.08","2,174.50","1,559.50",4340925,"8,65,61,45,673.80",128816
22-Jan-26,EQ,"2,008.80","2,018.90","1,990.00","1,996.10","2,007.90","2,002.20","2,002.28","2,174.50","1,559.50",6722567,"13,46,04,36,283.70",274860
21-Jan-26,EQ,"1,977.00","2,007.10","1,967.00","1,996.00","1,999.90","1,996.10","1,991.62","2,174.50","1,559.50",7952295,"15,83,79,43,630.50",192076
20-Jan-26,EQ,"2,018.00","2,018.00","1,977.10","2,010.00","1,990.00","1,996.00","2,001.96","2,174.50","1,559.50",6076838,"12,16,55,56,263.80",168198
19-Jan-26,EQ,"2,023.00","2,023.00","1,996.30","2,016.40","2,010.00","2,010.00","2,011.18","2,174.50","1,559.50",4272071,"8,59,18,92,954.10",151027
16-Jan-26,EQ,"2,020.00","2,029.70","1,988.70","2,022.50","2,018.00","2,016.40","2,010.42","2,174.50","1,559.50",7310676,"14,69,75,12,240.70",204099
14-Jan-26,EQ,"2,015.10","2,034.00","2,008.70","2,026.90","2,021.00","2,022.50","2,021.86","2,174.50","1,559.50",4842964,"9,79,17,98,346.30",173040
13-Jan-26,EQ,"2,047.00","2,049.90","2,014.90","2,044.00","2,025.30","2,026.90","2,027.64","2,174.50","1,559.50",7388496,"14,98,12,44,480.70",175232
12-Jan-26,EQ,"2,023.50","2,048.80","2,001.30","2,027.10","2,042.70","2,044.00","2,019.35","2,174.50","1,559.50",4689135,"9,46,90,11,167.40",220071
09-Jan-26,EQ,"2,070.20","2,084.00","2,023.20","2,066.30","2,031.10","2,027.10","2,045.01","2,174.50","1,559.50",4165409,"8,51,83,16,241.70",173389
08-Jan-26,EQ,"2,088.00","2,092.00","2,055.00","2,084.20","2,066.60","2,066.30","2,068.37","2,174.50","1,559.50",5534929,"11,44,82,54,930.20",206092
07-Jan-26,EQ,"2,095.60","2,103.80","2,077.00","2,105.30","2,084.00","2,084.20","2,084.97","2,174.50","1,559.50",4171371,"8,69,71,63,031.20",193447
06-Jan-26,EQ,"2,106.80","2,121.80","2,087.50","2,105.00","2,109.10","2,105.30","2,103.21","2,174.50","1,559.50",9119265,"19,17,97,57,706.10",274914
05-Jan-26,EQ,"2,102.10","2,112.10","2,096.50","2,106.30","2,101.60","2,105.00","2,105.16","2,174.50","1,559.50",2642580,"5,56,30,55,322.70",130767
02-Jan-26,EQ,"2,108.00","2,125.00","2,098.00","2,110.40","2,108.50","2,106.30","2,107.79","2,174.50","1,559.50",2927138,"6,16,97,84,842.00",137361
01-Jan-26,EQ,"2,114.80","2,123.90","2,107.00","2,105.60","2,111.40","2,110.40","2,114.82","2,174.50","1,559.50",2097756,"4,43,63,71,604.40",85306
31-Dec-25,EQ,"2,096.00","2,121.00","2,090.10","2,099.80","2,107.00","2,105.60","2,105.46","2,174.50","1,559.50",2991434,"6,29,83,36,696.30",129671
30-Dec-25,EQ,"2,077.00","2,102.80","2,071.60","2,081.60","2,099.40","2,099.80","2,098.35","2,174.50","1,559.50",6983390,"14,65,35,74,322.60",173712
29-Dec-25,EQ,"2,105.40","2,112.70","2,079.40","2,105.40","2,081.40","2,081.60","2,089.02","2,174.50","1,559.50",2371034,"4,95,31,36,389.40",129894
26-Dec-25,EQ,"2,123.00","2,123.00","2,101.80","2,123.70","2,106.00","2,105.40","2,108.17","2,174.50","1,559.50",1297870,"2,73,61,29,285.20",82211
24-Dec-25,EQ,"2,111.00","2,137.20","2,111.00","2,122.90","2,123.50","2,123.70","2,127.50","2,174.50","1,559.50",3145464,"6,69,19,75,445.40",98425
23-Dec-25,EQ,"2,157.00","2,164.00","2,119.20","2,147.60","2,123.00","2,122.90","2,128.23","2,174.50","1,559.50",4110853,"8,74,88,34,353.80",154127
22-Dec-25,EQ,"2,118.00","2,151.70","2,101.70","2,097.70","2,141.50","2,147.60","2,137.59","2,174.50","1,559.50",7670853,"16,39,71,70,359.70",236708
19-Dec-25,EQ,"2,113.90","2,115.00","2,082.00","2,092.00","2,090.90","2,097.70","2,095.28","2,174.50","1,559.50",10127415,"21,21,97,98,389.70",644521
18-Dec-25,EQ,"2,099.00","2,116.60","2,088.10","2,108.00","2,098.30","2,092.00","2,100.49","2,174.50","1,559.50",3760341,"7,89,85,69,012.90",177440
17-Dec-25,EQ,"2,117.60","2,128.00","2,096.40","2,102.00","2,109.00","2,108.00","2,106.48","2,174.50","1,559.50",6412516,"13,50,78,42,168.00",176177
16-Dec-25,EQ,"2,070.10","2,106.60","2,070.10","2,069.70","2,104.90","2,102.00","2,097.67","2,174.50","1,559.50",5756692,"12,07,56,53,201.70",214465
15-Dec-25,EQ,"2,070.10","2,078.90","2,061.50","2,083.40","2,072.00","2,069.70","2,071.22","2,174.50","1,559.50",3233614,"6,69,75,21,715.60",176973
12-Dec-25,EQ,"2,053.10","2,087.10","2,050.60","2,053.20","2,082.10","2,083.40","2,074.23","2,174.50","1,559.50",2706420,"5,61,37,47,141.90",100209
11-Dec-25,EQ,"2,066.00","2,069.20","2,038.00","2,067.00","2,054.00","2,053.20","2,051.10","2,174.50","1,559.50",3254850,"6,67,60,36,622.20",127700
10-Dec-25,EQ,"2,072.00","2,096.90","2,062.20","2,089.70","2,063.00","2,067.00","2,076.41","2,174.50","1,559.50",3987451,"8,27,95,99,352.90",123385
09-Dec-25,EQ,"2,086.80","2,100.40","2,080.40","2,086.20","2,087.10","2,089.70","2,088.41","2,174.50","1,559.50",5139229,"10,73,28,05,998.50",160953
08-Dec-25,EQ,"2,114.40","2,114.40","2,078.90","2,108.80","2,087.00","2,086.20","2,090.51","2,174.50","1,559.50",4327091,"9,04,58,32,820.70",172189
05-Dec-25,EQ,"2,092.60","2,111.90","2,090.00","2,103.80","2,109.80","2,108.80","2,101.34","2,174.50","1,559.50",2938290,"6,17,43,37,765.00",109731
04-Dec-25,EQ,"2,094.80","2,108.50","2,074.10","2,086.00","2,103.00","2,103.80","2,090.47","2,174.50","1,559.50",4611819,"9,64,08,66,601.10",168962
03-Dec-25,EQ,"2,100.10","2,109.90","2,081.60","2,104.00","2,087.00","2,086.00","2,088.46","2,174.50","1,559.50",4357641,"9,10,07,69,632.80",206107
02-Dec-25,EQ,"2,089.80","2,114.80","2,087.10","2,089.70","2,107.80","2,104.00","2,102.82","2,174.50","1,559.50",6591396,"13,86,05,29,208.80",266344
01-Dec-25,EQ,"2,114.70","2,119.00","2,083.10","2,101.60","2,090.50","2,089.70","2,095.86","2,174.50","1,559.50",5058900,"10,60,27,49,697.70",232889
28-Nov-25,EQ,"2,118.00","2,129.50","2,096.40","2,115.60","2,100.00","2,101.60","2,105.61","2,174.50","1,551.15",6263457,"13,18,83,76,119.00",150812
27-Nov-25,EQ,"2,132.00","2,136.90","2,103.80","2,126.80","2,118.00","2,115.60","2,116.63","2,174.50","1,551.15",4444877,"9,40,81,57,935.70",154239
26-Nov-25,EQ,"2,104.00","2,134.90","2,097.50","2,161.60","2,127.00","2,126.80","2,102.43","2,174.50","1,551.15",43174047,"90,77,05,24,452.10",217044
25-Nov-25,EQ,"2,159.00","2,170.70","2,138.70","2,152.10","2,156.60","2,161.60","2,159.81","2,174.50","1,551.15",7102592,"15,34,02,16,596.70",172471
24-Nov-25,EQ,"2,162.10","2,165.80","2,140.40","2,162.70","2,145.00","2,152.10","2,154.46","2,174.50","1,551.15",9686848,"20,86,98,87,058.20",140722
21-Nov-25,EQ,"2,150.10","2,174.50","2,148.60","2,158.30","2,165.00","2,162.70","2,162.63","2,174.50","1,511.00",6720938,"14,53,49,05,632.60",141397
20-Nov-25,EQ,"2,153.10","2,169.30","2,149.90","2,159.80","2,160.00","2,158.30","2,158.31","2,169.30","1,511.00",7452899,"16,08,56,71,565.60",151163
19-Nov-25,EQ,"2,155.00","2,166.20","2,146.70","2,149.20","2,160.00","2,159.80","2,152.67","2,166.20","1,511.00",7419461,"15,97,16,22,748.60",151296
18-Nov-25,EQ,"2,122.00","2,159.00","2,110.30","2,112.20","2,146.10","2,149.20","2,144.35","2,159.00","1,511.00",10972556,"23,52,89,90,860.40",213187
17-Nov-25,EQ,"2,112.00","2,122.00","2,100.90","2,100.70","2,111.30","2,112.20","2,113.15","2,135.60","1,511.00",5998770,"12,67,63,21,842.40",138351
14-Nov-25,EQ,"2,090.00","2,107.90","2,081.90","2,091.80","2,096.80","2,100.70","2,090.07","2,135.60","1,511.00",6312655,"13,19,39,10,899.90",209996
13-Nov-25,EQ,"2,099.90","2,107.00","2,079.00","2,073.80","2,093.00","2,091.80","2,093.54","2,135.60","1,511.00",5958875,"12,47,51,13,933.40",167057
12-Nov-25,EQ,"2,060.00","2,079.80","2,054.90","2,042.30","2,077.90","2,073.80","2,070.40","2,135.60","1,511.00",8210277,"16,99,85,43,806.70",196315
11-Nov-25,EQ,"2,020.10","2,056.90","2,017.40","2,019.80","2,044.50","2,042.30","2,043.06","2,135.60","1,511.00",14825625,"30,28,96,52,182.70",314436
10-Nov-25,EQ,"1,995.00","2,028.80","1,992.20","2,001.20","2,020.50","2,019.80","2,017.05","2,135.60","1,511.00",7457061,"15,04,12,81,563.90",158704
07-Nov-25,EQ,"2,048.00","2,048.00","1,995.60","2,094.90","2,001.50","2,001.20","2,025.70","2,135.60","1,511.00",70392750,"1,42,59,49,15,349.90",260133
06-Nov-25,EQ,"2,115.00","2,123.30","2,080.50","2,113.30","2,095.00","2,094.90","2,103.02","2,135.60","1,511.00",9546299,"20,07,60,41,845.40",327497
04-Nov-25,EQ,"2,107.00","2,135.60","2,103.50","2,074.00","2,110.00","2,113.30","2,118.36","2,135.60","1,511.00",12263078,"25,97,75,70,895.90",316732
03-Nov-25,EQ,"2,055.00","2,081.00","2,047.20","2,054.50","2,077.00","2,074.00","2,063.74","2,110.40","1,511.00",2979629,"6,14,91,84,487.30",137662
31-Oct-25,EQ,"2,056.00","2,073.80","2,051.70","2,066.30","2,061.30","2,054.50","2,059.64","2,110.40","1,511.00",4659723,"9,59,73,65,272.30",168898
30-Oct-25,EQ,"2,070.00","2,088.00","2,058.60","2,100.60","2,069.00","2,066.30","2,066.87","2,110.40","1,511.00",4222189,"8,72,67,23,356.20",228047
29-Oct-25,EQ,"2,083.00","2,110.40","2,081.60","2,090.20","2,100.00","2,100.60","2,098.48","2,110.40","1,511.00",2742750,"5,75,56,08,868.00",137123
28-Oct-25,EQ,"2,092.00","2,102.60","2,071.70","2,080.10","2,088.00","2,090.20","2,089.72","2,102.60","1,511.00",9891522,"20,67,05,14,955.20",262444
27-Oct-25,EQ,"2,030.00","2,094.00","2,030.00","2,029.30","2,083.00","2,080.10","2,078.53","2,094.00","1,511.00",5796831,"12,04,89,05,188.60",187130
24-Oct-25,EQ,"2,008.00","2,033.00","2,006.90","2,007.90","2,028.00","2,029.30","2,024.56","2,067.00","1,511.00",3236799,"6,55,31,06,604.60",166105
23-Oct-25,EQ,"2,063.90","2,067.00","2,003.60","2,043.50","2,009.90","2,007.90","2,023.86","2,067.00","1,511.00",8790128,"17,78,99,60,867.90",296341
21-Oct-25,EQ,"2,051.80","2,058.50","2,038.50","2,051.50","2,041.60","2,043.50","2,045.30","2,058.50","1,511.00",240850,"49,26,10,681.50",21615
20-Oct-25,EQ,"2,026.00","2,057.00","2,019.70","2,012.00","2,050.00","2,051.50","2,042.87","2,057.00","1,511.00",7387180,"15,09,10,64,288.20",225566
17-Oct-25,EQ,"1,973.60","2,034.30","1,970.30","1,967.40","2,012.90","2,012.00","2,013.74","2,045.80","1,511.00",6743801,"13,58,02,90,074.70",202098
16-Oct-25,EQ,"1,962.30","1,986.90","1,962.00","1,968.50","1,970.20","1,967.40","1,973.83","2,045.80","1,511.00",3700674,"7,30,45,00,778.70",246779
15-Oct-25,EQ,"1,957.20","1,976.00","1,951.60","1,946.60","1,967.00","1,968.50","1,965.08","2,045.80","1,511.00",3447352,"6,77,43,13,245.80",132066
14-Oct-25,EQ,"1,964.00","1,964.00","1,939.20","1,954.90","1,948.20","1,946.60","1,948.36","2,045.80","1,511.00",4454239,"8,67,84,47,974.60",115211
13-Oct-25,EQ,"1,937.90","1,965.90","1,936.00","1,939.90","1,955.00","1,954.90","1,955.22","2,045.80","1,511.00",3672419,"7,18,03,72,108.10",134124
10-Oct-25,EQ,"1,937.00","1,947.60","1,935.40","1,942.00","1,940.00","1,939.90","1,940.42","2,045.80","1,511.00",2512581,"4,87,54,55,292.60",100319
09-Oct-25,EQ,"1,945.00","1,948.80","1,931.30","1,943.50","1,941.00","1,942.00","1,940.57","2,045.80","1,511.00",3945737,"7,65,69,69,690.20",123955
08-Oct-25,EQ,"1,929.00","1,962.60","1,927.60","1,929.00","1,939.00","1,943.50","1,945.68","2,045.80","1,511.00",4957406,"9,64,55,07,545.20",189526
07-Oct-25,EQ,"1,900.00","1,946.00","1,900.00","1,903.10","1,928.80","1,929.00","1,928.23","2,045.80","1,511.00",5713060,"11,01,60,84,010.00",176001
06-Oct-25,EQ,"1,892.60","1,907.00","1,887.50","1,896.70","1,901.90","1,903.10","1,898.12","2,045.80","1,511.00",2809218,"5,33,22,30,593.90",125866
03-Oct-25,EQ,"1,851.20","1,900.30","1,848.10","1,867.60","1,896.90","1,896.70","1,880.95","2,045.80","1,511.00",5828332,"10,96,27,76,533.00",177774
01-Oct-25,EQ,"1,868.00","1,877.00","1,855.90","1,878.40","1,869.50","1,867.60","1,866.91","2,045.80","1,511.00",5675393,"10,59,54,21,987.80",158923
30-Sep-25,EQ,"1,896.00","1,907.60","1,875.20","1,902.20","1,883.00","1,878.40","1,886.43","2,045.80","1,511.00",5945625,"11,21,60,08,469.80",191554
29-Sep-25,EQ,"1,928.00","1,928.00","1,897.50","1,916.60","1,906.50","1,902.20","1,908.52","2,045.80","1,511.00",5072608,"9,68,11,98,593.50",152642
26-Sep-25,EQ,"1,931.10","1,944.70","1,911.90","1,935.60","1,915.40","1,916.60","1,922.81","2,045.80","1,511.00",3239306,"6,22,85,84,260.70",139233
25-Sep-25,EQ,"1,930.00","1,950.00","1,928.80","1,931.10","1,935.00","1,935.60","1,940.12","2,045.80","1,511.00",7133365,"13,83,95,59,461.20",157177
24-Sep-25,EQ,"1,926.00","1,937.30","1,918.80","1,938.70","1,936.00","1,931.10","1,927.43","2,045.80","1,511.00",5237977,"10,09,58,35,192.10",117702
23-Sep-25,EQ,"1,950.00","1,955.00","1,930.10","1,956.20","1,939.50","1,938.70","1,941.04","2,045.80","1,511.00",4348633,"8,44,08,72,959.40",112057
22-Sep-25,EQ,"1,954.00","1,966.00","1,944.00","1,962.40","1,956.00","1,956.20","1,956.29","2,045.80","1,511.00",4469137,"8,74,29,10,725.50",112539
19-Sep-25,EQ,"1,930.20","1,976.80","1,927.80","1,941.10","1,959.90","1,962.40","1,954.25","2,045.80","1,511.00",11287603,"22,05,88,14,337.50",152101
18-Sep-25,EQ,"1,944.50","1,949.80","1,920.50","1,941.30","1,938.10","1,941.10","1,937.97","2,045.80","1,511.00",5080814,"9,84,64,43,250.20",194124
17-Sep-25,EQ,"1,938.10","1,950.10","1,932.60","1,939.50","1,940.50","1,941.30","1,943.07","2,045.80","1,511.00",4234637,"8,22,82,11,139.50",137019
16-Sep-25,EQ,"1,903.30","1,942.00","1,902.50","1,904.50","1,942.00","1,939.50","1,929.77","2,045.80","1,511.00",5427586,"10,47,39,75,256.40",121211
15-Sep-25,EQ,"1,904.00","1,913.00","1,898.40","1,902.60","1,907.40","1,904.50","1,904.17","2,045.80","1,511.00",3553258,"6,76,60,07,905.00",132537
12-Sep-25,EQ,"1,925.00","1,925.00","1,901.60","1,913.00","1,903.70","1,902.60","1,911.24","2,045.80","1,511.00",3192824,"6,10,22,58,824.10",93480
11-Sep-25,EQ,"1,884.00","1,916.00","1,882.10","1,891.40","1,914.20","1,913.00","1,903.70","2,045.80","1,511.00",4718266,"8,98,21,64,743.10",146936
10-Sep-25,EQ,"1,904.00","1,905.00","1,883.00","1,893.70","1,893.90","1,891.40","1,892.22","2,045.80","1,511.00",3566139,"6,74,79,22,521.40",132980
09-Sep-25,EQ,"1,892.00","1,904.00","1,883.00","1,887.70","1,893.00","1,893.70","1,893.29","2,045.80","1,511.00",4517793,"8,55,34,98,311.20",135596
08-Sep-25,EQ,"1,898.00","1,899.00","1,884.10","1,895.30","1,886.00","1,887.70","1,890.94","2,045.80","1,511.00",2547552,"4,81,72,59,823.50",97251
05-Sep-25,EQ,"1,887.00","1,910.70","1,875.70","1,880.40","1,894.00","1,895.30","1,893.40","2,045.80","1,511.00",2620140,"4,96,09,71,727.30",87681
04-Sep-25,EQ,"1,899.00","1,903.50","1,876.60","1,883.90","1,879.80","1,880.40","1,883.68","2,045.80","1,511.00",5205333,"9,80,52,02,617.50",142962
03-Sep-25,EQ,"1,891.00","1,892.10","1,870.00","1,887.20","1,882.80","1,883.90","1,880.41","2,045.80","1,511.00",3803044,"7,15,12,67,254.50",179727
02-Sep-25,EQ,"1,904.50","1,917.50","1,878.00","1,900.60","1,888.70","1,887.20","1,894.19","2,045.80","1,511.00",4423049,"8,37,80,97,503.20",168727
01-Sep-25,EQ,"1,889.00","1,904.80","1,884.20","1,888.80","1,900.50","1,900.60","1,896.74","2,045.80","1,511.00",3421488,"6,48,96,78,664.80",174084
29-Aug-25,EQ,"1,872.50","1,900.10","1,872.50","1,881.10","1,888.20","1,888.80","1,887.35","2,045.80","1,502.00",4339042,"8,18,93,12,163.60",137051
28-Aug-25,EQ,"1,893.00","1,899.80","1,878.20","1,904.70","1,888.00","1,881.10","1,887.96","2,045.80","1,502.00",5494113,"10,37,26,70,054.70",192234
26-Aug-25,EQ,"1,922.10","1,925.80","1,896.20","1,930.70","1,903.70","1,904.70","1,907.89","2,045.80","1,502.00",5984656,"11,41,80,74,402.10",171371
25-Aug-25,EQ,"1,940.00","1,940.10","1,913.20","1,933.30","1,928.90","1,930.70","1,927.45","2,045.80","1,502.00",2451388,"4,72,49,17,353.10",88027
22-Aug-25,EQ,"1,934.00","1,947.70","1,917.40","1,929.90","1,933.00","1,933.30","1,931.22","2,045.80","1,446.50",3271920,"6,31,87,96,024.80",112848
21-Aug-25,EQ,"1,930.00","1,940.90","1,927.70","1,928.40","1,930.10","1,929.90","1,932.63","2,045.80","1,446.50",3376913,"6,52,63,15,351.10",122995
20-Aug-25,EQ,"1,937.00","1,952.00","1,926.00","1,909.70","1,930.00","1,928.40","1,935.01","2,045.80","1,446.50",6962619,"13,47,27,15,684.80",158774
19-Aug-25,EQ,"1,901.10","1,931.80","1,900.00","1,892.30","1,912.90","1,909.70","1,916.53","2,045.80","1,446.50",5706265,"10,93,62,27,739.10",206298
18-Aug-25,EQ,"1,892.50","1,912.60","1,870.30","1,873.80","1,892.90","1,892.30","1,896.44","2,045.80","1,446.50",7146376,"13,55,26,63,053.70",168732
14-Aug-25,EQ,"1,873.00","1,883.00","1,866.80","1,867.40","1,871.00","1,873.80","1,875.27","2,045.80","1,445.00",3958631,"7,42,35,16,081.00",94415
13-Aug-25,EQ,"1,853.00","1,872.50","1,851.80","1,850.30","1,870.90","1,867.40","1,864.40","2,045.80","1,445.00",6697206,"12,48,62,97,813.40",156856
12-Aug-25,EQ,"1,857.40","1,865.00","1,847.10","1,857.40","1,850.20","1,850.30","1,853.80","2,045.80","1,445.00",4645011,"8,61,09,01,523.10",128549
11-Aug-25,EQ,"1,863.00","1,866.00","1,845.70","1,858.60","1,855.30","1,857.40","1,857.65","2,045.80","1,445.00",5266532,"9,78,33,47,103.00",182542
08-Aug-25,EQ,"1,886.30","1,893.80","1,856.00","1,922.60","1,859.50","1,858.60","1,871.02","2,045.80","1,422.60",93801105,"1,75,50,37,11,662.10",247592
07-Aug-25,EQ,"1,928.10","1,933.30","1,909.10","1,929.70","1,920.10","1,922.60","1,919.15","2,045.80","1,422.60",4268534,"8,19,19,39,056.30",117390
06-Aug-25,EQ,"1,930.00","1,964.80","1,921.60","1,931.80","1,924.00","1,929.70","1,939.14","2,045.80","1,422.60",5461349,"10,59,03,35,524.20",198853
05-Aug-25,EQ,"1,920.00","1,937.60","1,912.10","1,914.60","1,930.30","1,931.80","1,928.92","2,045.80","1,422.60",5167672,"9,96,80,10,970.70",142478
04-Aug-25,EQ,"1,892.00","1,919.90","1,878.50","1,884.40","1,915.10","1,914.60","1,909.50","2,045.80","1,422.60",3074380,"5,87,05,35,946.20",103085
01-Aug-25,EQ,"1,914.00","1,919.70","1,878.00","1,914.30","1,878.10","1,884.40","1,896.46","2,045.80","1,422.60",5192594,"9,84,75,24,466.90",112503
31-Jul-25,EQ,"1,913.00","1,926.50","1,895.60","1,932.60","1,912.00","1,914.30","1,914.01","2,045.80","1,422.60",4674966,"8,94,79,09,333.10",139087
30-Jul-25,EQ,"1,934.00","1,939.20","1,922.10","1,918.30","1,930.10","1,932.60","1,931.15","2,045.80","1,422.60",5044683,"9,74,20,40,986.30",124036
29-Jul-25,EQ,"1,880.00","1,923.60","1,880.00","1,890.30","1,913.70","1,918.30","1,914.14","2,045.80","1,422.60",3748040,"7,17,42,67,314.50",130565
28-Jul-25,EQ,"1,930.00","1,930.00","1,885.00","1,937.90","1,889.90","1,890.30","1,899.08","2,045.80","1,422.60",3575044,"6,78,93,04,593.10",183996
25-Jul-25,EQ,"1,936.10","1,952.70","1,925.00","1,936.10","1,928.00","1,937.90","1,938.43","2,045.80","1,422.60",3896884,"7,55,38,54,412.80",150394
24-Jul-25,EQ,"1,943.80","1,970.40","1,933.70","1,943.80","1,937.20","1,936.10","1,949.70","2,045.80","1,422.60",4150685,"8,09,25,72,461.00",121583
23-Jul-25,EQ,"1,920.00","1,949.00","1,907.30","1,906.80","1,948.70","1,943.80","1,931.92","2,045.80","1,422.60",5194282,"10,03,49,58,569.70",181713
22-Jul-25,EQ,"1,909.20","1,911.30","1,883.00","1,909.20","1,906.50","1,906.80","1,900.14","2,045.80","1,422.60",4513541,"8,57,63,75,988.70",187488
21-Jul-25,EQ,"1,894.80","1,919.90","1,892.60","1,901.00","1,907.30","1,909.20","1,907.42","2,045.80","1,422.60",5109654,"9,74,62,37,253.00",106175
18-Jul-25,EQ,"1,915.10","1,916.00","1,891.80","1,929.90","1,902.00","1,901.00","1,900.40","2,045.80","1,422.60",4643961,"8,82,53,70,372.30",153436
17-Jul-25,EQ,"1,943.70","1,944.90","1,927.60","1,936.60","1,929.30","1,929.90","1,934.04","2,045.80","1,422.60",6256455,"12,10,02,62,832.10",117865
16-Jul-25,EQ,"1,944.00","1,944.00","1,928.80","1,934.20","1,932.10","1,936.60","1,937.89","2,045.80","1,422.60",4211258,"8,16,09,62,898.00",155828
15-Jul-25,EQ,"1,924.80","1,943.00","1,923.20","1,920.90","1,934.90","1,934.20","1,933.42","2,045.80","1,422.60",4163140,"8,04,91,06,906.90",173130
14-Jul-25,EQ,"1,915.00","1,927.50","1,900.20","1,921.90","1,923.10","1,920.90","1,912.33","2,045.80","1,422.60",5269381,"10,07,67,81,994.00",117745
11-Jul-25,EQ,"1,942.00","1,959.10","1,914.20","1,964.50","1,925.70","1,921.90","1,924.82","2,045.80","1,421.45",13103980,"25,22,28,31,889.30",203449
10-Jul-25,EQ,"2,028.60","2,028.60","1,962.30","2,019.70","1,964.00","1,964.50","1,981.26","2,045.80","1,421.45",5695845,"11,28,49,70,384.50",137893
09-Jul-25,EQ,"2,035.00","2,040.70","1,998.50","2,030.00","2,019.20","2,019.70","2,026.57","2,045.80","1,421.45",2937734,"5,95,35,11,845.90",106327
08-Jul-25,EQ,"2,026.00","2,035.00","2,014.80","2,033.90","2,033.00","2,030.00","2,025.34","2,045.80","1,421.45",3624619,"7,34,10,77,387.40",108175
07-Jul-25,EQ,"2,018.00","2,036.00","2,010.60","2,017.20","2,029.50","2,033.90","2,023.94","2,045.80","1,421.45",4165432,"8,43,05,71,808.80",129355
04-Jul-25,EQ,"2,027.00","2,036.50","2,005.10","2,019.30","2,018.30","2,017.20","2,014.08","2,045.80","1,408.45",2178315,"4,38,72,98,875.40",101143
03-Jul-25,EQ,"2,041.80","2,044.90","2,012.90","2,033.30","2,019.00","2,019.30","2,030.02","2,045.80","1,408.45",5558647,"11,28,41,85,157.60",154712
02-Jul-25,EQ,"2,037.00","2,045.80","2,018.30","2,019.40","2,030.00","2,033.30","2,033.47","2,045.80","1,408.45",6513288,"13,24,45,94,437.20",196748
01-Jul-25,EQ,"2,009.00","2,030.80","2,006.90","2,009.60","2,015.30","2,019.40","2,018.42","2,039.00","1,408.45",3769165,"7,60,77,73,613.00",134125
30-Jun-25,EQ,"2,018.00","2,023.90","2,000.20","2,027.10","2,008.70","2,009.60","2,009.31","2,039.00","1,408.45",5597484,"11,24,70,98,467.70",152889
27-Jun-25,EQ,"2,010.00","2,039.00","2,008.60","2,014.30","2,020.00","2,027.10","2,024.22","2,039.00","1,389.35",6405854,"12,96,68,37,500.60",148359
26-Jun-25,EQ,"1,970.00","2,018.40","1,966.30","1,965.60","2,015.60","2,014.30","2,000.12","2,018.40","1,389.35",9413241,"18,82,75,72,697.10",191193
25-Jun-25,EQ,"1,942.00","1,970.00","1,938.00","1,933.60","1,963.80","1,965.60","1,959.42","1,970.00","1,389.35",4152765,"8,13,70,23,309.40",145203
24-Jun-25,EQ,"1,950.90","1,963.00","1,929.10","1,936.30","1,942.00","1,933.60","1,941.29","1,963.00","1,389.35",6837210,"13,27,29,89,083.70",180737
23-Jun-25,EQ,"1,930.00","1,949.00","1,927.10","1,936.70","1,935.00","1,936.30","1,937.95","1,949.00","1,389.35",2946463,"5,71,00,99,351.10",122423
20-Jun-25,EQ,"1,880.00","1,949.00","1,874.00","1,877.00","1,934.00","1,936.70","1,927.90","1,949.00","1,372.85",16228526,"31,28,69,69,336.30",258340
19-Jun-25,EQ,"1,872.00","1,879.00","1,864.10","1,865.90","1,874.00","1,877.00","1,874.79","1,917.00","1,372.85",4712312,"8,83,45,85,788.10",119233
18-Jun-25,EQ,"1,847.60","1,871.00","1,843.10","1,854.80","1,861.80","1,865.90","1,864.40","1,917.00","1,372.85",5069427,"9,45,14,32,452.50",123077
17-Jun-25,EQ,"1,879.00","1,879.00","1,847.60","1,861.30","1,856.80","1,854.80","1,854.73","1,917.00","1,372.85",6561555,"12,16,98,88,553.10",161741
16-Jun-25,EQ,"1,842.10","1,870.00","1,838.80","1,840.40","1,858.20","1,861.30","1,860.67","1,917.00","1,372.85",5722187,"10,64,71,00,022.60",136896
13-Jun-25,EQ,"1,815.00","1,844.60","1,815.00","1,844.20","1,840.10","1,840.40","1,837.79","1,917.00","1,372.85",4613000,"8,47,77,34,828.50",178295
12-Jun-25,EQ,"1,871.90","1,883.00","1,831.60","1,860.20","1,844.00","1,844.20","1,851.80","1,917.00","1,372.85",7346031,"13,60,33,43,695.40",178651
11-Jun-25,EQ,"1,857.90","1,866.50","1,847.80","1,857.10","1,857.50","1,860.20","1,857.61","1,917.00","1,372.85",8907265,"16,54,61,92,522.90",160998
10-Jun-25,EQ,"1,866.60","1,875.60","1,850.30","1,865.10","1,855.90","1,857.10","1,859.98","1,917.00","1,372.85",7925901,"14,74,20,16,739.20",167981
09-Jun-25,EQ,"1,874.00","1,875.00","1,848.70","1,870.20","1,865.00","1,865.10","1,862.61","1,917.00","1,372.85",3649505,"6,79,76,12,329.00",131990
06-Jun-25,EQ,"1,872.10","1,881.90","1,867.30","1,878.80","1,870.10","1,870.20","1,874.58","1,917.00","1,219.05",4644174,"8,70,58,67,475.20",165644
05-Jun-25,EQ,"1,884.00","1,889.00","1,868.60","1,875.40","1,878.00","1,878.80","1,874.29","1,917.00","1,219.05",8999675,"16,86,79,77,555.40",157560
04-Jun-25,EQ,"1,855.00","1,884.60","1,850.00","1,841.30","1,873.00","1,875.40","1,873.40","1,917.00","1,219.05",5892170,"11,03,84,06,458.90",200975
03-Jun-25,EQ,"1,867.00","1,869.50","1,832.00","1,854.10","1,841.60","1,841.30","1,844.12","1,917.00","1,219.05",5596977,"10,32,14,75,298.60",194113
02-Jun-25,EQ,"1,844.00","1,859.00","1,831.50","1,856.20","1,850.00","1,854.10","1,848.95","1,917.00","1,219.05",3199499,"5,91,57,06,164.50",119382
30-May-25,EQ,"1,854.00","1,867.00","1,843.00","1,863.60","1,859.70","1,856.20","1,856.33","1,917.00","1,219.05",16712960,"31,02,47,99,188.60",163931
29-May-25,EQ,"1,858.00","1,867.00","1,850.50","1,856.10","1,865.00","1,863.60","1,861.20","1,917.00","1,219.05",5786774,"10,77,03,32,949.60",218220
28-May-25,EQ,"1,848.00","1,867.00","1,845.10","1,843.80","1,855.50","1,856.10","1,857.45","1,917.00","1,219.05",3713699,"6,89,80,20,834.20",118955
27-May-25,EQ,"1,844.00","1,857.60","1,833.70","1,847.40","1,847.30","1,843.80","1,843.98","1,917.00","1,219.05",5847725,"10,78,30,99,301.40",181830
26-May-25,EQ,"1,834.00","1,850.00","1,830.90","1,831.70","1,846.50","1,847.40","1,845.67","1,917.00","1,219.05",3254715,"6,00,71,42,210.40",154230
23-May-25,EQ,"1,825.00","1,841.80","1,821.50","1,831.40","1,831.00","1,831.70","1,835.52","1,917.00","1,219.05",3460945,"6,35,26,22,258.70",149774
22-May-25,EQ,"1,819.90","1,836.70","1,816.30","1,822.50","1,831.00","1,831.40","1,829.94","1,917.00","1,219.05",6496923,"11,88,89,88,220.50",206038
21-May-25,EQ,"1,813.00","1,826.50","1,805.30","1,808.90","1,822.00","1,822.50","1,819.20","1,917.00","1,219.05",6849562,"12,46,07,10,453.50",299080
20-May-25,EQ,"1,809.80","1,824.90","1,799.50","1,818.30","1,809.70","1,808.90","1,809.85","1,917.00","1,219.05",12512596,"22,64,59,51,310.90",281116
19-May-25,EQ,"1,822.00","1,828.70","1,809.00","1,814.00","1,816.50","1,818.30","1,818.41","1,917.00","1,219.05",5799804,"10,54,64,36,610.00",223582
16-May-25,EQ,"1,834.00","1,834.00","1,810.10","1,867.20","1,814.40","1,814.00","1,815.18","1,917.00","1,219.05",100662047,"1,82,71,96,65,612.80",286997
15-May-25,EQ,"1,849.90","1,869.90","1,825.00","1,834.20","1,863.10","1,867.20","1,849.52","1,917.00","1,219.05",8788351,"16,25,42,70,538.10",195431
14-May-25,EQ,"1,830.00","1,870.70","1,820.20","1,820.60","1,837.90","1,834.20","1,843.39","1,917.00","1,219.05",7401614,"13,64,40,25,354.70",226624
13-May-25,EQ,"1,870.00","1,883.70","1,816.60","1,870.80","1,824.50","1,820.60","1,834.02","1,917.00","1,219.05",8817763,"16,17,19,33,283.30",282085
12-May-25,EQ,"1,868.90","1,883.40","1,854.00","1,848.40","1,873.00","1,870.80","1,869.65","1,917.00","1,219.05",3936019,"7,35,89,80,437.00",134363
09-May-25,EQ,"1,855.00","1,871.10","1,836.50","1,874.90","1,850.00","1,848.40","1,848.90","1,917.00","1,219.05",3686209,"6,81,54,20,471.70",142316
08-May-25,EQ,"1,897.00","1,905.80","1,862.40","1,896.80","1,864.50","1,874.90","1,880.32","1,917.00","1,219.05",5500724,"10,34,31,02,911.10",188110
07-May-25,EQ,"1,901.00","1,917.00","1,885.50","1,901.00","1,892.70","1,896.80","1,899.09","1,917.00","1,219.05",5554616,"10,54,87,24,277.00",184822
06-May-25,EQ,"1,888.30","1,912.00","1,882.60","1,866.00","1,896.00","1,901.00","1,899.53","1,912.00","1,219.05",8597920,"16,33,19,96,371.70",200749
05-May-25,EQ,"1,868.00","1,873.50","1,849.20","1,851.90","1,866.00","1,866.00","1,864.43","1,904.30","1,219.05",3548839,"6,61,65,47,877.00",103413
02-May-25,EQ,"1,852.00","1,883.60","1,832.10","1,864.50","1,849.00","1,851.90","1,854.96","1,904.30","1,219.05",5528529,"10,25,52,09,665.90",181226
30-Apr-25,EQ,"1,837.00","1,876.90","1,827.00","1,823.80","1,854.80","1,864.50","1,854.65","1,904.30","1,219.05",9139821,"16,95,11,67,803.70",152336
29-Apr-25,EQ,"1,823.70","1,847.80","1,817.60","1,821.80","1,827.20","1,823.80","1,829.51","1,904.30","1,219.05",4684155,"8,56,96,95,123.70",153385
28-Apr-25,EQ,"1,836.00","1,838.90","1,813.40","1,817.20","1,820.30","1,821.80","1,822.30","1,904.30","1,219.05",3301891,"6,01,70,36,292.30",100779
25-Apr-25,EQ,"1,846.70","1,861.70","1,806.00","1,845.60","1,815.00","1,817.20","1,822.78","1,904.30","1,219.05",4570083,"8,33,02,54,030.30",123799
24-Apr-25,EQ,"1,874.50","1,877.80","1,839.50","1,881.60","1,846.10","1,845.60","1,849.47","1,904.30","1,219.05",5180688,"9,58,15,34,808.10",136668
23-Apr-25,EQ,"1,867.00","1,885.90","1,836.10","1,852.20","1,869.90","1,881.60","1,861.63","1,904.30","1,219.05",6855027,"12,76,15,37,178.80",149770
22-Apr-25,EQ,"1,888.00","1,888.00","1,836.80","1,883.40","1,848.20","1,852.20","1,856.49","1,904.30","1,219.05",6155127,"11,42,69,50,907.90",196921
21-Apr-25,EQ,"1,898.40","1,904.30","1,868.60","1,889.10","1,884.00","1,883.40","1,881.04","1,904.30","1,219.05",3501123,"6,58,57,58,282.30",154074
17-Apr-25,EQ,"1,834.00","1,897.70","1,825.70","1,822.60","1,882.90","1,889.10","1,866.68","1,897.70","1,210.35",10894325,"20,33,61,74,780.80",285724
16-Apr-25,EQ,"1,802.40","1,826.50","1,794.10","1,798.80","1,821.00","1,822.60","1,810.55","1,826.50","1,210.35",6180958,"11,19,09,47,200.50",169343
15-Apr-25,EQ,"1,808.20","1,820.00","1,781.10","1,756.60","1,798.00","1,798.80","1,799.90","1,820.00","1,210.35",10313411,"18,56,31,02,108.70",225430
11-Apr-25,EQ,"1,760.00","1,767.00","1,732.35","1,715.55","1,760.60","1,756.60","1,756.34","1,779.00","1,183.10",8340002,"14,64,78,37,496.05",240119
09-Apr-25,EQ,"1,719.65","1,726.85","1,711.60","1,720.40","1,715.10","1,715.55","1,717.91","1,779.00","1,183.10",5600666,"9,62,14,35,360.40",166612
08-Apr-25,EQ,"1,720.70","1,742.30","1,706.80","1,686.65","1,721.35","1,720.40","1,723.59","1,779.00","1,183.10",7206935,"12,42,17,75,636.65",251891
07-Apr-25,EQ,"1,730.00","1,774.75","1,669.40","1,743.45","1,693.00","1,686.65","1,708.22","1,779.00","1,183.10",14870388,"25,40,19,30,206.30",403223
04-Apr-25,EQ,"1,754.50","1,770.80","1,740.00","1,746.00","1,740.50","1,743.45","1,753.12","1,779.00","1,183.10",7817334,"13,70,47,22,222.15",258867
03-Apr-25,EQ,"1,748.00","1,754.95","1,735.45","1,754.60","1,742.50","1,746.00","1,746.33","1,779.00","1,183.10",2341989,"4,08,98,93,735.20",91775
02-Apr-25,EQ,"1,720.00","1,760.40","1,716.95","1,724.15","1,751.15","1,754.60","1,747.29","1,779.00","1,183.10",6431226,"11,23,72,22,453.50",137465
01-Apr-25,EQ,"1,715.00","1,765.00","1,708.45","1,733.40","1,723.60","1,724.15","1,732.43","1,779.00","1,183.10",6773056,"11,73,38,78,299.80",171800
